Medication,"Contraindications (CI), drug interactions (DI) or cautions",Adverse Effects,Initial dose; typical dose,Canadian brands,Therapeutic area,Source of suggestion,Evidence package,Decision date
abacavir,,"fat redistribution, immune reconstitution syndrome, lactic acidosis, hepatomegaly, fatigue, malaise, nausea",300 mg twice daily or 600 mg once daily in combination with other antiretroviral agents,Ziagen,anti-infective medicines,Suggestion from clinicians,http://cleanmeds.ca/wp-content/uploads/2016/08/Abacavir_C.docx,"Added on June, 2016"
acetaminophen,,"nausea, vomiting, acute liver failure, fatal skin reactions including Stevens-Johnson syndrome and toxic epidermal necrolysis ",325-650mg three or four times a day,"Abenol,Apo-Acetaminophen,Atasol,Novo-Gesic,Pediatrix,Tempra,Tylenol",medicines for pain and palliative care,WHO Model List of Essential Medicines,http://www.who.int/medicines/publications/essentialmedicines/EML_2015_FINAL_amended_NOV2015.pdf?ua=1,"Added on August, 2015"
acetylsalicylic acid,,"upper gastrointestinal bleeding, tinnitus",81mg daily,"Asaphen,Entrophen,Novasen,Praxis",medicines for pain and palliative care,Suggestion from clinicians,http://cleanmeds.ca/wp-content/uploads/2016/09/Acetylsalicylic-acid_C-1.docx,"Added on August, 2015"
adalimumab,,"headache, skin rash, upper respiatory tract infection, sinusitis, tuberculosis, malignancy",indication-specific dosing (rheumatoid arthritis: 40 mg every other week subcutaneously; inflammatory bowel disease: 160 mg given as four 40 mg injections on day 1 or given as two 40 mg injections per day over 2 consecutive days),,,Commonly prescribed medication,http://cleanmeds.ca/wp-content/uploads/2016/08/Adalimumab_AU.docx,"Added on August, 2016"
alendronate,"CI: esophagus abnormalities hypocalcemia, pregnancy and breast feeding, renal dysfunction (CrCl: 35mL/min) DI: reduced absorption with food/medication intake","esophagitis, hypocalcemia, osteonecrosis of the jaw, atypical femur fracture",prevention: 5 mg once daily; treatment: 10 mg once daily,"ACH-Alendronate,Alendronate-70,Alendronate-FC,Apo-Alendronate,Auro-Alendronate,CO Alendronate,Dom-Alendronate,Fosamax,JAMP-Alendronate,Mint-Alendronate,Mylan-Alendronate,PHL-Alendronate,PMS-Alendronate,PMS-Alendronate-FC,Q-Alendronate,Ran-Alendronate,ratio-Alendronate,Riva-Alendronate,Sandoz-Alendronate,Teva-Alendronate","hormones, other endocrine medicines, and contraceptives",Canadian clinical practice guidelines,http://www.who.int/medicines/publications/essentialmedicines/EML_2015_FINAL_amended_NOV2015.pdf?ua=1,"added on August, 2015"
allopurinol,,"skin rash, acute gout attacks, rash, diarrhea, nausea","100 mg once daily; usual dosage: 200 to 300 mg/day in mild gout,  400 to 600 mg/day in moderate to severe gout","Alloprin,Apo-Allopurinol,JAMP-Allopurinol,Mar-Allopurinol,Novo-Purol,Zyloprim",medicines for diseases of joints,WHO Model List of Essential Medicines,http://www.who.int/medicines/publications/essentialmedicines/EML_2015_FINAL_amended_NOV2015.pdf?ua=1,"Added on August, 2015"
amiodarone,"CI: severe sinus-node dysfunction causing marked sinus bradycardia, second- and third-degree heart block  DI:antiarrhythmic Agents (Class Ia),azithromycin, beta-blockers, calcium channel blockers, cardiac glycosides, fosphenytoin, HMG-CoA reductase inhibitors, warfarin","nausea, vomiting, malaise, visual disturbances, hypotension, bradycardia, ataxia, dizziness, involuntary movement","600 to 800 mg daily in divided doses, then 200 mg daily as maintenance",,,Commonly prescribed medication,http://cleanmeds.ca/wp-content/uploads/2016/08/Amiodarone_AU.docx,"Added on August, 2016"
amlodipine,,"peripheral edema, hypotension, dizziness, palpitations, lightheadedness, flushing",5 mg once daily or 2.5 mg once daily in small or frail patients,"Accel-Amlodipine,ACT-Amlodipine,Amlodipine-Odan,Apo-Amlodipine,Auro-Amlodipine,Bio-Amlodipine,Dom-Amlodipine,GD-Amlodipine,JAMP-Amlodipine,Mar-Amlodipine,Mint-Amlodipine,Mylan-Amlodipine,Norvasc,PHL-Amlodipine,PMS-Amlodipine,Q-Amlodipine,RAN-Amlodipine,ratio-Amlodipine,Riva-Amlodipine,Sandoz Amlodipine,Septa-Amlodipine,Teva-Amlodipine",cardiovascular medicines,WHO Model List of Essential Medicines ,http://www.who.int/medicines/publications/essentialmedicines/EML_2015_FINAL_amended_NOV2015.pdf?ua=1,"Added on August, 2015"
amoxicillin,"DI: anticoagulants, macrolides, tetracyclines, sulfonamides, oral contraceptives, methotrexate","nausea, vomiting, skin rash, clostridium difficile-associated diarrhea",indication-specific dosing (usual oral dosing range for mild to moderate infection: 250 every 8 hours or 500 mg every 12 hours),"Apo-Amoxi,Mylan-Amoxicillin,Novamoxin,NTP-Amoxicillin,Nu-Amoxi,PHL-Amoxicillin,PMS-Amoxicillin,Pro-Amox-250,Pro-Amox-500",anti-infective medicines,WHO Model List of Essential Medicines,http://www.who.int/medicines/publications/essentialmedicines/EML_2015_FINAL_amended_NOV2015.pdf?ua=1,"Added on August, 2015"
amoxicillin/clavulanic acid,"CI: penicillin/cephalosporin allergy, severe renal impairment, history of jaundice associated with use DI: anticoagulants, macrolides, tetracyclines, sulfonamides, oral contraceptives, methotrexate"," nausea, vomiting, skin rash, clostridium difficile-associated diarrhea",indication-specific dosing (usual oral dosing range: 250 mg every 8 hours or 500 mg every 8 to 12 hours),"Amoxi-Clav,Apo-Amoxi-Clav,Clavulin,Novo-Clavamoxin,ratio-Aclavulanate",anti-infective medicines,WHO Model List of Essential Medicines ,http://www.who.int/medicines/publications/essentialmedicines/EML_2015_FINAL_amended_NOV2015.pdf?ua=1,"Added on August, 2015"
atomoxetine,,"abdominal pain, nausea, vomiting, fatigue, decreased appetite, somnolence, headache, dry mouth, dizziness, insomnia, constipation, urinary hesitation, erectile dysfunction, irritability, weight loss, hyperhidrosis","40 mg/day, increased after minimum of 3 days to ~80 mg/day","Apo-Atomoxetine,DOM-Atomoxetine,Mylan-Atomoxetine,PMS-Atomoxetine,RIVA-Atomoxetine,Sandoz-Atomoxetine,Strattera,Teva-Atomoxetine",medicines for mental and behavioural disorders,Suggestion from clinicians,http://cleanmeds.ca/wp-content/uploads/2016/08/Atomoxetine_C.docx,"Added on August, 2015"
atorvastatin,,"diarrhea, arthralgia, nasopharyngitis, increased serum transaminases, myopathy, rhabdomyolysis",10 to 80 mg once daily (doses should be individualized according to the baseline LDL-cholesterol concentrations),"ACT Atorvastatin,Apo-Atorvastatin,Auro-Atorvastatin,Ava-Atorvastatin,Dom-Atorvastatin,GD-Atorvastatin,JAMP-Atorvastatin,Lipitor,Mylan-Atorvastatin,Novo-Atorvastatin,PMS-Atorvastatin,RAN-Atorvastatin,ratio-Atorvastatin,Reedy-Atorvastatin,Riva-Atorvastatin,Sandoz-Atorvastatin",cardiovascular medicines,Suggestion from clinicians,http://cleanmeds.ca/wp-content/uploads/2016/08/Atorvastatin_C.docx,"Added on August, 2015"
azathioprine,,"malaise, nausea, vomiting, leukopenia, neolasia, thrombocytoenia, hepatotoxicity, increased susceptibility to infection, myalgia, fever",indication-specific dosing (usual initial dose for patients with rheumatoid arthritis: 50 to 100 mg once daily),,,WHO Model List of Essential Medicines ,http://www.who.int/medicines/publications/essentialmedicines/EML_2015_FINAL_amended_NOV2015.pdf?ua=1,"Added on August, 2016"
azithromycin,,"diarrhea, nausea, vomiting, abdominal pain, hearing impairment, flatulence, headache, abnormal vision",indication-specific dosing (usual oral dosing range: 500 to 1000mg one time a day),"ACT-Azithromycin,Apo-Azithromycin,Apo-Azithromycin Z,Azithromycin for Injection,Azithromycin for Injection, USP,Dom-Azithromycin,GD-Azithromycin,Mylan-Azithromycin,Novo-Azithromycin,PHL-Azithromycin,PMS-Azithromycin,PRO-Azithromycine,Riva-Azithromycin,Sandoz-Azithromycin,Zithromax,Zithromax For Intravenous Injection,Zmax SR",anti-infective medicines,WHO Model List of Essential Medicines,http://www.who.int/medicines/publications/essentialmedicines/EML_2015_FINAL_amended_NOV2015.pdf?ua=1,"Added on August, 2015"
baclofen,CI: hypersensitivity DI: other central nervous system depressants,"drowsiness, dizziness, weakness, fatigue, confusion, headache, insomnia, hypotension, nausea, constipation, urinary frequency",5mg 3 times daily; may increase gradually to maximum dose of 20mg three times daily,"Apo-Baclofen,Dom-Baclofen,Lioresal,Lioresal D.S.,Lioresal Intrathecal,Mylan-Baclofen,Novo-Baclofen,PHL-Baclofen,PMS-Baclofen,ratio-Baclofen,Riva-Baclofen,VPI-Baclofen Intrathecal",medicines for pain and palliative care,Commonly prescribed medication,http://cleanmeds.ca/wp-content/uploads/2016/08/Baclofen_CA.docx,"Added on March, 2016"
beclomethasone,,"lethargy, cough, epistaxis, nasal drying/crusting, sneezing, runny nose, stinging, sore throat",2 sprays (50 g/spray) in each nostril twice daily,"Apo-Beclomethasone,Mylan-Beclo AQ,Rivanase AQ",medicines acting on the respiratory tract,WHO Model List of Essential Medicines,http://www.who.int/medicines/publications/essentialmedicines/EML_2015_FINAL_amended_NOV2015.pdf?ua=1,"Added on August, 2015"
benzoyl peroxide,,"skin irritation, redness, burning, itching, peeling, swelling","Apply once daily, may increase to 2-3 times daily if needed","Acetoxyl,Benoxyl,Benzac AC,Benzac W Gel,Benzac W Wash,Desquam-X,Oxyderm,PanOxyl,Solugel",dermatological (topical),Suggestion from clinicians,http://cleanmeds.ca/wp-content/uploads/2016/08/Benzoyl Peroxide_C.docx,"Added on August, 2015"
benztropine,"CI: hypersensitivity; angle-closure glaucoma; myasthenia gravis DI: phenothiazines, haloperidol, or other drugs with anticholinergic/antidopaminergic activity, cholinesterase inhibitors, potassium chloride supplements","tachycardia, paralytic ileus, constipation, nausea, vomiting, dry mouth, toxic psychosis, blurred vision, dilated pupils, urinary retention, dysuria, allergic reaction, heat stroke, hyperthermia, fever",Parkinson's disease: initial dose 0.5-1mg daily; usual dose 1-2mg twice daily; max dose 6mg/day                         Parkinsonian symptoms: 1-4mg once or twice daily,"Benztropine Omega,Kynesia,PMS-Benztropine",antiparkinsonism medicines,Commonly prescribed medication ,http://cleanmeds.ca/wp-content/uploads/2016/08/Benztropine_CA.docx,"Added on March, 2016"
betamethasone,no known CI or DI but may produce reversible hypothalamic-pituitary-adrenal (HPA) axis suppression if large amounts used For Skin use only,"burning, itching, irritation, dryness, folliculitis, hypertrichosis, acneiform eruptions, hypopigmentation, perioral/allergic contact dermatitis, skin maceration, secondary infection, skin atrophy, striae, miliaria",0.05% two times a day ,"Betaderm,Beteflam,Betnesol,Celestoderm V,Celestoderm V/2,Diprolene,Diprosone,Luxiq,Prevex B,ratio-Ectosone,Ratio-Topilene,Ratio-Topisone,Rivasone,Rolene,Rosone,Taro-Sone,Valisone Scalp Lotion",dermatological (topical),WHO Model List of Essential Medicines ,http://www.who.int/medicines/publications/essentialmedicines/EML_2015_FINAL_amended_NOV2015.pdf?ua=1,"Added on August, 2015"
bevacizumab,,"venous thromboembolism, hypertension, gastrointestinal perforation, abdominal pain, constipation, vomiting, fever, hemoptysis, gastrointestinal bleeding, epistaxis",,,,Suggestions from clinicians,http://cleanmeds.ca/wp-content/uploads/2017/03/Anti-VEGF-Evidence-Report.pdf,"Added on March, 2017"
bisoprolol,"CI: COPD, asthma, bradycardia, AV block, 2nd/3rd deg block or PR>0.24sec, renal and hepatic dysfunction, uncompensated HF, peripheral arterial disease, pheochromocytoma DI: amiodarone, calcium channel blockers (CCB), cimetidine (increases effect), digoxin (decreases HR), NSAIDs (increase BP and decrease renal function), phenobarbital (decrease efficacy)","hypotension, bronchospasm, dizziness, lightheadedness, fatigue, nausea, impotence",5mg; 5-20mg one time a day,"Apo-Bisoprolol,Ava-Bisoprolol,Mylan-Bisoprolol,Novo-Bisoprolol,PHL-Bisoprolol,PMS-Bisoprolol,PRO-Bisoprolol,Sandoz-Bisoprolol,Teva-Bisoprolol",cardiovascular medicines,WHO Model List of Essential Medicines ,http://www.who.int/medicines/publications/essentialmedicines/EML_2015_FINAL_amended_NOV2015.pdf?ua=1,"Added on August, 2015"
budesonide,"CI: fungal or tuberculosis infection DI: cimetidine, ketoconazole, omperazole","itching throat, sore throat, cough, fatigue, nausea, dizziness, headache",64ug/metered dose nasal spray; 2 sprays per nostril one time  a day,"Mylan-Budesonide AQ,Rhinocort Aqua,Rhinocort Turbuhaler",medicines acting on the respiratory tract,WHO Model List of Essential Medicines  ,http://www.who.int/medicines/publications/essentialmedicines/EML_2015_FINAL_amended_NOV2015.pdf?ua=1,"Added on August, 2015"
candesartan,,"hypotension, cough, headache, dizziness, fatigue, angioedema, hyperkalemia",4 or 8mg; 8-32 mg once daily,"ACH Candesartan,Apo-Candesartan,Atacand,CO Candesartan,DOM-Candesartan,JAMP-Candesartan,Mylan-Candesartan,PMS-Candesartan,Ran-Candesartan,Sandoz-Candesartan,Teva-Candesartan",cardiovascular medicines,Suggestion from clinicians,http://cleanmeds.ca/wp-content/uploads/2016/08/Candesartan_C.docx,"Added on August, 2015"
carbamazepine,"CI: hepatic (porphyria) disease DI: clarithro/erythromycin, danazol, diltiazem, felodipine, fluoxetine, fluvoxamine, grapefruit juice, verapamil, valproate (induces P450 3A4 system)","nausea, vomiting, drowsy, dizzy, unsteady, pruritic rash",100mg twice a day ,"Apo-Carbamazepine,Dom-Carbamazepine,Mapezine,Mylan-Carbamazepine CR,Nu-Carbamazepine,PMS-Carbamazepine,Sandoz-Carbamazepine,Taro-Carbamazepine Chewable,Tegretol,Teva-Carbamazepine",anticonvulsive medicines, WHO Model List of Essential Medicines,http://www.who.int/medicines/publications/essentialmedicines/EML_2015_FINAL_amended_NOV2015.pdf?ua=1,"Added on August, 2015"
cephalexin,"CI: beta-hemolytic streptococcal and pneumococcal infections, renal impairment DI: probenecid, metformin","diarrhea, allergic reactions, dyspepsia, gastritis, abdominal pain",250mg,"Apo-Cephalex,Dom-Cephalexin,Keflex,PMS-Cephalexin,Teva-Cephalexin",anti-infective medicines,WHO Model List of Essential Medicines ,http://www.who.int/medicines/publications/essentialmedicines/EML_2015_FINAL_amended_NOV2015.pdf?ua=1,"Added on August, 2015 "
cetirizine,"CI: hypersensitivity, severe renal impairment DI: sedatives, alcohol","headaches, dry mouth, sleepiness",10mg once daily,"Aller-Relief [OTC],Apo-Cetirizine [OTC],Extra Strength Allergy Relief [OTC],PMS-Cetirizine,Reactine,Reactine [OTC]",antiallergics and medicines used in anaphylaxis,Suggestion from clinicians,http://cleanmeds.ca/wp-content/uploads/2016/08/Cetirizine_C.docx,"Added on August, 2015"
chlorthalidone,"CI: anuria, severe sulphur allergy, symptomatic hyperuricemia, hyponatremia DI: Digoxin, lithium, NSAID, steroids","dizziness, vertigo, headache, abdominal pain, nausea, increases calcium, uric acid, glucose, cholesterol, triglycerides",12.5mg once daily,Apo-Chlorthalidone,cardiovascular medicines,Suggestion from clinicians,http://cleanmeds.ca/wp-content/uploads/2016/08/Chlorthalidone_C.docx,"Added on August, 2015"
ciprofloxacin,,"nausea, diarrhea, skin photosensitivity",500mg twice a day,"ACT Ciprofloxacin,Apo-Ciproflox,Auro-Ciprofloxacin,Cipro,Cipro XL,Ciprofloxacin Injection,Ciprofloxacin Injection USP,Ciprofloxacin Intravenous Infusion,Ciprofloxacin Intravenous Infusion BP,Dom-Ciprofloxacin,JAMP-Ciprofloxacin,Mar-Ciprofloxacin,Mint-Ciproflox,Mint-Ciprofloxacin,Mylan-Ciprofloxacin,PHL-Ciprofloxacin,PMS-Ciprofloxacin,PMS-Ciprofloxacin XL,PRO-Ciprofloxacin,RAN-Ciproflox,ratio-Ciprofloxacin,Riva-Ciprofloxacin,Sandoz-Ciprofloxacin,Septa-Ciprofloxacin,Taro-Ciprofloxacin,Teva-Ciprofloxacin",anti-infective medicines,WHO Model List of Essential Medicines ,http://www.who.int/medicines/publications/essentialmedicines/EML_2015_FINAL_amended_NOV2015.pdf?ua=1,"Added on August, 2015"
clarithromycin,,"vomiting, diarrhea, nausea, abdominal pain, dyspepsia, headache, skin rash",250 to 500 mg every 12 hours or 1000 mg (two 500 mg extended-release tablets) once daily,Accel-Clarithromycin; Apo-Clarithromycin; Apo-Clarithromycin XL; Biaxin; Biaxin BID; Biaxin XL; Dom-Clarithromycin; Mylan-Clarithromycin; PMS-Clarithromycin; RAN-Clarithromycin; Riva-Clarithromycin; Sandoz-Clarithromycin; Teva-Clarithromycin,anti-infective medicines, WHO Model List of Essential Medicines ,http://cleanmeds.ca/wp-content/uploads/2017/02/19th-WHO-Model-List-of-Essentail-Medicines-April-2015.pdf,"Added on February, 2017"
clindamycin,"CI: regional enteritis, ulcerative colitis, history ofclostridium difficile-associated diarrhea DI: erythromycin","clostridium difficile-associated disease, nausea, vomiting",150mg,"po-Clindamycin,Auro-Clindamycin,Ava-Clindamycin,Clindamycin Injection,Clindamycin Injection SDZ,Clindamycin Injection, USP,Clindamycin IV Infusion,Clindamycine,Dalacin C,Mylan-Clindamycin,PMS-Clindamycin,Riva-Clindamycin,Teva-Clindamycin",anti-infective medicines,WHO Model List of Essential Medicines ,http://www.who.int/medicines/publications/essentialmedicines/EML_2015_FINAL_amended_NOV2015.pdf?ua=1,"Added on August, 2015"
clopidogrel,"CI:active bleeding, hypersensitivity, not for use if breast feeding DI:NSAIDs, warfarin, SSRIs, SNRIs, proton pump inhibitors Stop 5 days prior to surgery","bruising, bleeding",75mg once daily,"Abbott-Clopidogrel,Accel-Clopidogrel,ACT Clopidogrel,Apo-Clopidogrel,Auro-Clopidogrel,Dom-Clopidogrel,JAMP-Clopidogrel,Mar-Clopidogrel,Mint-Clopidogrel,Mylan-Clopidogrel,Plavix,PMS-Clopidogrel,RAN-Clopidogrel,Riva-Clopidogrel,Sandoz-Clopidogrel,Teva-Clopidogrel",cardiovascular medicines,WHO Model List of Essential Medicines ,http://www.who.int/medicines/publications/essentialmedicines/EML_2015_FINAL_amended_NOV2015.pdf?ua=1,"Added on August, 2015"
clotrimazole,,"erythema, stinging, blistering, peeling, edema, pruritus, urticaria, burning, skin irritation",1% to cover area 1-2 times a day,"Canesten Topical,Canesten Vaginal,Clotrimaderm,Trivagizole-3",anti-infective medicines,WHO Model List of Essential Medicines ,http://www.who.int/medicines/publications/essentialmedicines/EML_2015_FINAL_amended_NOV2015.pdf?ua=1,"Added on August, 2015"
cloxacillin,CI: renal impairment DI: probenecid,"allergic reactions, nausea, vomiting, diarrhea, stomatitis, black or hairy tongue",500mg four times a day,"Apo-Cloxi,Cloxacillin for injection,Novo-Cloxin",anti-infective medicines,WHO Model List of Essential Medicines ,http://www.who.int/medicines/publications/essentialmedicines/EML_2015_FINAL_amended_NOV2015.pdf?ua=1,"Added on August, 2015"
clozapine,"myeloproliferative disorders, toxic or idiosyncratic agranulocytosis or severe granulocytopenia, active liver disease, hepatic failure, severe CNS depression or comatose states, severe renal or cardiac disease, paralytic ileus, uncontrolled epilepsy, previous hypersensitivity","drowsiness, dizziness/vertigo, headache, tremor,  salivation, sweating, dry mouth, visual disturbances, tachycardia, hypotension, syncope, constipation, nausea, fever",12.5-25mg once daily; 300-450mg once daily  ,"Apo-Clozapine,Clozaril,Gen-Clozapine",medicines for mental and behavioural disorders,Suggestion from clinicians,http://cleanmeds.ca/wp-content/uploads/2016/08/Clozapine_C.docx,"Added on August, 2015"
conjugated estrogens,"CI: hypersensitivity, undiagnosed abnormal genital bleeding, current or history of DVT/PE, breast cancer, estrogen-dependent tumor, hepatic impairment, known thrombophilic disorders  DI: anastrozole, anticoagulants","bloating, headache, nausea, chloasma, breast tenderness, breakthrough bleeding/spotting",0.3-1.25mg once daily,"C.E.S.,Congest,PMS-Conjugated Estrogens C.S.D.,Premarin","hormones, other endocrine medicines, and contraceptives",Commonly prescribed medication ,http://cleanmeds.ca/wp-content/uploads/2016/08/Conjugated Estrogen_CA.docx,"Added on March, 2016"
dabigatran,,"dyspepsia, gastritis-like symptoms, hemorrhage, abdominal pain",150 mg twice daily,,,Suggestion from a pharmaceutical company,http://cleanmeds.ca/wp-content/uploads/2016/08/Dabigatran_P.docx,"Added on August, 2016"
dexamethasone,"CI:ear: viral infections of external canal, including herpes simplex infections CI:eye: epithelial herpes simplex (dendritic keratitis), vaccinia, varicella Eye: Consider Opthalmology consult if uncertain Prolonged use may result in ocular HTN and/or glaucoma","ear discomfort/pain/pruritus/debris/congestion, taste perversion, superimposed ear infection, glaucoma with optic nerve damage, visual acuity and field defects, cataract formation, secondary ocular infection, globe perforation","ear - 0.1% 4 drops twice a day, eye -0.1% 1 or 2 drops 4-6 times daily","Diodex,Maxidex,Ozurdex",medicines for pain and palliative care,WHO Model List of Essential Medicines ,http://www.who.int/medicines/publications/essentialmedicines/EML_2015_FINAL_amended_NOV2015.pdf?ua=1,"Added on August, 2015"
diltiazem,"CI: hypotension, WPW, post-MI DI: CYP3A4, amiodarone, alcohol, carbamazepine, cyclosporine, digoxin, dofetilide, erythromycin, grapefruit juice, lithium,    simvastatin","palpitations, headache",120 or 240 mg once daily ,"ACT Diltiazem CD,ACT Diltiazem T,Apo-Diltiaz,Apo-Diltiaz CD,Apo-Diltiaz SR,Apo-Diltiaz TZ,Cardizem CD,Diltiazem Hydrochloride Injection,Diltiazem TZ,Diltiazem-CD,PMS-Diltiazem CD,Sandoz-Diltiazem CD,Sandoz-Diltiazem T,Teva-Diltiazem,Teva-Diltiazem CD,Teva-Diltiazem HCL ER Capsules,Tiazac,Tiazac XC",cardiovascular medicines,Suggestion from clinicians,http://cleanmeds.ca/wp-content/uploads/2016/08/Diltiazem_C.docx,"Added on August, 2015"
dolutegravir,"CI:hypersensitivity to dolutegravir, concurrent use with dofetilideDI:Dofetilide,Fosphenytoin-Phenytoin,Nevirapine,Oxcarbazepine,Phenobarbital, Primidone, St John's Wort","fatigue, malaise, fat redistribution, immune reconstitiution syndrome, increased liver enzymes",50mg once daily,Tivicay,anti-infective medicines,Suggestion from clinicians,http://cleanmeds.ca/wp-content/uploads/2016/08/Dolutegravir_C.docx,"Added on June, 2016"
domperidone,"CI: prolactin-releasing pituitary tumor, known existing prolongation of cardiac conduction intervals, particularly QT DI: ketoconazole, erythromycin, protease inhibitors, nefazodone, concomitant use with GT-prolonging drugs","serious ventricular arrhythmias or sudden cardiac death, particularly with doses >30 mg or when used in patients >60 years of age",10 mg three times a day,,,Suggestion from clinicians,http://cleanmeds.ca/wp-content/uploads/2016/08/Domperidone_C.docx,"Added on August, 2016"
donepezil,"CI: hypersensitivity to donepezil, piperidine derivatives, or any component of the formulation DI:QTc-Prolonging Agents,succinylcholine","insomina, nausea, diarrhea, infection",5 mg once daily,,,Commonly prescribed medication,http://cleanmeds.ca/wp-content/uploads/2016/08/Donepezil_AU.docx,"Added on August, 2016"
doxycycline,"CI:children, pregnancy DI:antacids, iron containing drugs, oral contraceptives, phenytoin, barbituates May cause permanent discoloration of the teeth if used during tooth development","anorexia, nausea, vomiting, hepatotoxicity, maculopapular /erythematosus rash, stevens-johnson syndrome, toxic epidermal necrolysis, urticaria, anaphylaxis, pericarditis, hemolytic anemia, thrombocytopenia, neutropenia, eosinophilia, photosensitivity",100mg twice a day,"Apo-Doxy,Apo-Doxy Tabs,Apprilon,Dom-Doxycycline,Doxycin,Doxytab,Periostat,PHL-Doxycycline,PMS-Doxycycline,Teva-Doxycycline,Vibramycin",anti-infective medicines,WHO Model List of Essential Medicines ,http://www.who.int/medicines/publications/essentialmedicines/EML_2015_FINAL_amended_NOV2015.pdf?ua=1,"Added on August, 2015"
efavirenz,"CI: Hypersensitivity (Stevens-Johnson syndrome; erythema multiforme; toxic skin eruptions) to efavirenz DI: Amodiaquine, Asunarevir,Axitinib, Azelastine, Bedaquiline,Cabamazepine,Elvitegravir, Itraconzole, Ketoconazole,Nevirapine, Nisoldipine","dizziness, fever, depression, insomnia, skin rash, increased serum cholesterol, increased HDL, increased triglyceride, fat restribution, hepatotoxicity, immune reconstitution syndrome",600 mg once daily,"Mylan-Efavirenz,Sustiva,Teva-Efavirenz",anti-infective medicines,WHO Model List of Essential Medicines ,http://www.who.int/medicines/publications/essentialmedicines/EML_2015_FINAL_amended_NOV2015.pdf?ua=1,"Added on August, 2015"
eletriptan,"CI: coronary artery disease, WPW syndrome, uncontrolled HTN, TIA or stroke, peripheral vascular disease DI: SSRIs, SNRIs, TCAs, MAOIs (serotonin syndrome), ketoconazole, itraconazole, nefazodone, troleandomycin, clarithromycin, ritonavir, or nelfinavir","dizziness, somnolence, nausea, headache, paresthesia, dry mouth, chest pain",20mg once daily,Relpax,antimigraine medicines,Suggestion from clinicians,http://cleanmeds.ca/wp-content/uploads/2016/08/Eletriptan_C.docx,"Added on August, 2015"
emtricitabine,"CI:hypersensitivity to emtricitabine                                     DI: Ganciclovir-Valganciclovir, Lamivudine, Ribavirin","dizziness, headache, insomnia, skin rash, hyperpigmentation, nausea, vomiting, diarrhea, abdominal pain, infection, weakness, otitis media, cough, rhinitis, fat redistribution, immune reconstitution syndrome, lactic acidosis, hepatomegaly",200mg once daily,Emtriva,anti-infective medicines,WHO Model List of Essential Medicines ,http://www.who.int/medicines/publications/essentialmedicines/EML_2015_FINAL_amended_NOV2015.pdf?ua=1,"Added on August, 2015"
epinephrine,"CI: do not use to counteract circulatory collapse or hypotension caused by phenothiazines DI: beta-blockers, cardiac glycosides, digitalis, diuretics, quinidine","anxiety, apprehensiveness, restlessness, tremor, weakness, dizziness, sweating, palpitations, pallor, nausea, vomiting, headache, respiratory difficulties",0.3 to 0.5 mg of undiluted drug intramuscularly,"Adrenalin,Allerject,Anapen,Anapen Junior,EpiPen,EpiPen Jr,Twinject",antiallergics and medicines used in anaphylaxis,WHO Model List of Essential Medicines ,http://www.who.int/medicines/publications/essentialmedicines/EML_2015_FINAL_amended_NOV2015.pdf?ua=1,"Added on August, 2015"
estradiol,"CI: hypersensitivity, undiagnosed abnormal genital bleeding, current or history of DVT/PE, breast cancer, estrogen-dependent tumor, hepatic impairment, known thrombophilic disorders DI: acetaminophen, anticonvulsants, ascorbic acid, atorvastatin, rifampin, troglitazone","bloating, headache, nausea, chloasma, breast tenderness, breakthrough bleeding/spotting","oral preparation: 0.5-2 mg once daily, vaginal cream: insert 2 to 4 g daily for 1 to 2 weeks, vaginal tablet: insert 1 tablet (10 mcg) once daily for 2 weeks","Climara,Depo-Estradiol,Divigel,Estradot,EstroGel,Menostar,Oesclim,Sandoz-Estradiol Derm 100,Sandoz-Estradiol Derm 50,Sandoz-Estradiol Derm 75","hormones, other endocrine medicines, and contraceptives",Commonly prescribed medication - oral preparation & suggestion from clinicians - intravaginal application,http://cleanmeds.ca/wp-content/uploads/2017/03/Estradiol_oral_intravagial_Both.pdf,oral preparation - added on March 2016 - oral preparation & intravaginal application - added on March 2017
ethinylestradiol/levonorgestrel,"CI: abnormal vaginal bleeding, estrogen dependent neoplasia (breast and endometiral cancer)",alteration in menses,30mcg once daily,"Alesse,Alysena,Aviane,Esme,Lutera,Min-Ovral,Ovima,Portia,Seasonale,Seasonique,Triquilar","hormones, other endocrine medicines, and contraceptives",WHO Model List of Essential Medicines ,http://www.who.int/medicines/publications/essentialmedicines/EML_2015_FINAL_amended_NOV2015.pdf?ua=1,"Added on August, 2015"
ferrous fumarate,"CI: hemosiderosis or hemochromatosis(iron overload), allergy to iron DI: antacids, bisphosphonates, calcium supplements, cholestyramine, levodopa, levothyroxine, quinolones","constipation,  dark stools, heartburn, nausea, vomiting",300mg once daily,Palafer,medicines affecting the blood,Suggestion from clinicians,http://cleanmeds.ca/wp-content/uploads/2016/08/Ferrous Fumarate_C.docx,"Added on August, 2015"
finasteride,,"impotence, decreased libido, decreased ejaculate volume, asthenia, postural hypotension, dizziness, abnormal ejaculation",5mg once daily,"ACH-Finasteride,ACT-Finasteride,Apo-Finasteride,Auro-Finasteride,Dom-Finasteride,JAMP-Finasteride,Mint-Finasteride,Mylan-Finasteride,Mylan-Finasteride HG,PMS-Finasteride,Propecia,Proscar,RAN-Finasteride,ratio-Finasteride,Sandoz-Finasteride,Sandoz-Finasteride A,Teva-Finasteride,VAN-finasteride",medicines that do not fall under a WHO class,Canadian clinical practice guidelines ,http://www.who.int/medicines/publications/essentialmedicines/EML_2015_FINAL_amended_NOV2015.pdf?ua=1,"Added on August, 2015"
fluconazole,"CI:avoid with hereditary fructose, glucose/galactose malabsorption, and sucrase-isomaltase deficiency and coadministration with other antifungals - terfenadine DI:CCBs, ARBs, thiazide diuretics, oral hypoglycemics macrolides, NSAIDs, oral contraceptives, Drugs prolonging QTc interval: astemizole, cisapride, terfenadine, pimozide, quinidine, prednisone, phenytoin, methadone, anti-retrovirals","headache, nausea, vomiting, abdominal pain, diarrhea",150mg once daily,"ACT Fluconazole,Apo-Fluconazole,CanesOral,CO Fluconazole,Diflucan,Diflucan injection,Diflucan One,Diflucan PWS,Dom-Fluconazole,Fluconazole Injection,Fluconazole Injection SDZ,Fluconazole Omega,Monicure,Mylan-Fluconazole,Novo-Fluconazole,PHL-Fluconazole,PMS-Fluconazole,PRO-Fluconazole,Riva-Fluconazole,Taro-Fluconazole",anti-infective medicines,WHO Model List of Essential Medicines ,http://www.who.int/medicines/publications/essentialmedicines/EML_2015_FINAL_amended_NOV2015.pdf?ua=1,"Added on August, 2015"
fluoxetine,"DI: linezolid, iv methylene blue, pimozide, thioridazine, MAOIs","nausea, anxiety, insomnia, agitation, anorexia, tremor, somnolence",10mg; 20-40mg once daily,"Apo-Fluoxetine,Ava-Fluoxetine,CO Fluoxetine,Dom-Fluoxetine,Fluoxetine Capsules BP,FXT 40,Gen-Fluoxetine,JAMP-Fluoxetine,Mint-Fluoxetine,Mylan-Fluoxetine,Novo-Fluoxetine,Nu-Fluoxetine,PHL-Fluoxetine,PMS-Fluoxetine,PRO-Fluoxetine,Prozac,Q-Fluoxetine,ratio-Fluoxetine,Riva-Fluoxetine,Sandoz-Fluoxetine,Teva-Fluoxetine,ZYM-Fluoxetine",medicines for mental and behavioural disorders,WHO Model List of Essential Medicines ,http://www.who.int/medicines/publications/essentialmedicines/EML_2015_FINAL_amended_NOV2015.pdf?ua=1,"Added on August, 2015"
fluticasone,DI: itraconazole,"oral thrush, dysphonia","MDI: 50, 125, 250mcg; 2 puffs every 12 hours Diskus: 250, 500mcg; 1-2 every 12 hours","Arnuity Ellipta,Flovent Diskus,Flovent HFA",medicines acting on the respiratory tract,Suggestion from clinicians,http://cleanmeds.ca/wp-content/uploads/2016/08/Fluticasone_C.docx,"Added on August, 2015"
folic acid,CI: sensitivity DI: phenytoin,allergic sensitization,1mg once daily,Apo-Folic,medicines affecting the blood,WHO Model List of Essential Medicines ,http://www.who.int/medicines/publications/essentialmedicines/EML_2015_FINAL_amended_NOV2015.pdf?ua=1,"Added on August, 2015"
furosemide,"CI: anuria DI: aminoglycosides, lithium","dehydration, electrolyte depletion",20mg; 20-80mg twice daily,"Apo-Furosemide,Bio-Furosemide,Furosemide Injection Sandoz Standard,Furosemide Injection, USP,Furosemide Special,Furosemide Special Injection,Lasix,Lasix Special,PMS-Furosemide,Teva-Furosemide",diuretics,WHO Model List of Essential Medicines ,http://www.who.int/medicines/publications/essentialmedicines/EML_2015_FINAL_amended_NOV2015.pdf?ua=1,"Added on August, 2015"
fusidic acid,"CI: sensitivity to fusidic acid, sensitivity to lanolin (ointment)   DI: BCG, sodium picosulfate","pain (with treatment of deep leg ulcers), skin irritation",Apply small amount to affected area 3-4 times daily,Fucidin,dermatological (topical),Commonly prescribed medication ,http://cleanmeds.ca/wp-content/uploads/2016/08/Fusidic acid_CA.docx,"Added on March, 2016"
gabapentin,"CI: hypersensitivity DI: hydrocodone, morphine, antacids","somnolence, dizziness, ataxia, fatigue, nystagmus, tremor",300mg three times a day,"ACT Gabapentin,Apo-Gabapentin,Auro-Gabapentin,Dom-Gabapentin,GD-Gabapentin,JAMP-Gabapentin,JAMP-Gabapentin Tablets,Mar-Gabapentin,Mylan-Gabapentin,Neurontin,PHL-Gabapentin,PMS-Gabapentin,PRO-Gabapentin,RAN-Gabapentin,Riva-Gabapentin,Teva-Gabapentin,Van-Gabapentin",anticonvulsive medicines,Suggestion from clinicians,http://cleanmeds.ca/wp-content/uploads/2016/08/Gabapentin_C.docx,"Added on August, 2015"
gliclazide,"DI: alcohol, fluconazole, fluoxetine, MAOIs, NSAIDs, quinolones, salicylates, sulfonamides, cimetidine (increases effect) Reduce dose if renal/hepatic dysfunction","hypoglycemia (elderly), weight gain (obese), headache, dizziness, sulfa skin reaction, GI effects",80mg twice daily,"ACT Gliclazide MR,Apo-Gliclazide,Apo-Gliclazide MR,Diamicron,Diamicron MR,Gliclazide-80,Mint-Gliclazide MR,Mylan-Gliclazide,Mylan-Gliclazide MR,PMS-Gliclazide,Teva-Gliclazide","hormones, other endocrine medicines, and contraceptives",WHO Model List of Essential Medicines ,http://www.who.int/medicines/publications/essentialmedicines/EML_2015_FINAL_amended_NOV2015.pdf?ua=1,"Added on August, 2015"
haloperidol,"CI: severe toxic CNS depression or comatose states, parkinsons, dementia-related psychosis","delirium, confusion, anticholinergic, sedation, extrapyramidal symptoms (EPSs), neuropleptic malignant syndrome",0.25mg; 0.25-0.5mg twice or three time a day,"Apo-Haloperidol,Haloperidol Injection, USP,Haloperidol-LA,Haloperidol-LA Omega,Novo-Peridol,PMS-Haloperidol,PMS-Haloperidol LA",medicines for mental and behavioural disorders,WHO Model List of Essential Medicines ,http://www.who.int/medicines/publications/essentialmedicines/EML_2015_FINAL_amended_NOV2015.pdf?ua=1,"Added on August, 2015"
hydrocortisone,"systemic absorption may produce reversible hypothalamic-pituitary-adrenal (HPA) axis suppression, manifestations of cushing's syndrome, hyperglycemia, and glucosuria For Skin use only","burning, itching, irritation, dryness, folliculitis, hypertrichosis, acneiform eruptions, hypopigmentation, perioral/allergic contact dermatitis, skin maceration, secondary infection, skin atrophy, striae, miliaria",2.50%,"Aquacort,Cortamed,Cortenema,Cortifoam,Emo-Cort,Hycort,Hyderm,HydroVal,Locoid,Prevex HC,Sarna HC,Westcort",dermatological (topical),WHO Model List of Essential Medicines ,http://www.who.int/medicines/publications/essentialmedicines/EML_2015_FINAL_amended_NOV2015.pdf?ua=1,"Added on August, 2015"
hydroxychloroquine,"CI:yypersensitivity to hydroxychloroquine, 4-aminoquinoline derivatives, or any component of the formulation; retinal or visual field changes attributable to 4-aminoquinolines; long-term use in children; Preexisting retinopathy; use in children <6 years or weighing <35 kg DI:phenothiazines,beta-blockers, dapsone","headache, seizure, diarrhea, nausea, vomiting, anemia, leukopenia, thrombocytopenia, hepatic infussificency, angioedema, myopathy, visual disturbances, blurred vision, photophobia, decreased visual acuity, tinnitus, bronchospasm",400 to 600 mg once daily,,,WHO Model List of Essential Medicines ,http://www.who.int/medicines/publications/essentialmedicines/EML_2015_FINAL_amended_NOV2015.pdf?ua=1,"Added on August, 2015"
ibuprofen,gastrointestinal bleeds or ulcers,"hepatic insufficiency, increased cardiovascular event risk",200-800mg three times a day,"Advil,Advil Pediatric Drops,Apo-Ibuprofen,Caldolor,Childrens Advil,Childrens Europrofen,Ibuprofen Muscle and Joint,Jamp-Ibuprofen,Motrin,Motrin (Children's),Motrin IB,Novo-Profen,Pamprin Ibuprofen Formula,PMS-Ibuprofen,Super Strength Motrin IB Liquid Gel Capsules",medicines for pain and palliative care,WHO Model List of Essential Medicines ,http://www.who.int/medicines/publications/essentialmedicines/EML_2015_FINAL_amended_NOV2015.pdf?ua=1,"Added on August, 2015"
"insulin, long acting",,"hypoglycemia, sweating, tremore, tachycardia, hunger, lethargy, weakness, confusion, altered behaviour, seizures, coma, weight increase",0.2-1unit/kg/day poor control: 0.1 - 0.2 units/kg once daily in evening or 10 units 1or2 daily,"Levemir,Lantus,Toujeo SoloStar","hormones, other endocrine medicines, and contraceptives",WHO Model List of Essential Medicines ,http://www.who.int/medicines/publications/essentialmedicines/EML_2015_FINAL_amended_NOV2015.pdf?ua=1,"Added on August, 2015"
"insulin, short acting",,"hypoglycemia, sweating, tremore, tachycardia, hunger, lethargy, weakness, confusion, altered behaviour, seizures, coma, weight increase",0.5-0.8 units/kg/day insulin resistance: 0.5 units/ kg/ day Inj/SC: 20-30 min before starting meal,"Humulin R,Novolin ge Toronto,Humalog,HumaLOG KwikPen,NovoRapid,Apidra","hormones, other endocrine medicines, and contraceptives",WHO Model List of Essential Medicines ,http://www.who.int/medicines/publications/essentialmedicines/EML_2015_FINAL_amended_NOV2015.pdf?ua=1,"Added on August, 2015"
ipratropium,,"dry mouth, taste changes, urinary retention",MDI: 20mcg; 2 puffs every 8-6 hours or 250mcg Nebs: every 8 hours,"Apo-Ipravent Solution,Apo-Ipravent Sterules,Atrovent HFA,Dom-Ipratropium,Gen-Ipratropium,Mylan-Ipratropium,PHL-Ipratropium,PMS-Ipratropium,ratio-Ipratropium UDV,Teva-Ipratropium Sterinebs",medicines acting on the respiratory tract,WHO Model List of Essential Medicines ,http://www.who.int/medicines/publications/essentialmedicines/EML_2015_FINAL_amended_NOV2015.pdf?ua=1,"Added on August, 2015"
labetalol,,"hypotension, bronchospasm, dizziness, lightheadedness, fatigue, nausea, impotence",100mg; 100-600mg once daily,"Apo-Labetalol,Labetalol Hydrochloride Injection, USP,Normodyne,Trandate",cardiovascular medicines,Suggestion from clinicians,http://cleanmeds.ca/wp-content/uploads/2016/08/Labetolol_C.docx,"Added on August, 2015"
lamivudine,,"headache, fatigue, anorexia, nausea, vomiting, diarrhea, myalgia, dizziness, neuropathy, insomnia, fat redistribution, immune reconsititution syndrome, lactic acidosis, hepatomegaly",150 mg twice daily or 300 mg once daily,"3TC, Apo-Lamivudine,Apo-Lamivudine HBV, Auro-Lamivudine, Heptovir",anti-infective medicines,Suggestion from clinicians,http://cleanmeds.ca/wp-content/uploads/2016/08/Lamivudine_C.docx,"Added on June, 2016"
latanoprost,,"blurred vision, burning and stinging, conjunctival hyperemia, foreign body sensation, itching, increased iris pigmentation and punctate epithelial keratopathy",one drop once daily,"ACT Latanoprost,Apo-Latanoprost,GD-Latanoprost,Med-Latanoprost,PMS-Latanoprost,Riva-Latanoprost,Sandoz-Latanoprost,Xalatan",eye preparations,Suggestion from clinicians,http://cleanmeds.ca/wp-content/uploads/2016/08/Latanoprost_C.docx,"Added on August, 2015"
levodopa/carbidopa,,"nausea, vomiting, anorexia, headache, confusion, hallucination, alopecia, insomnia, discolored urine, dyskinesia",50/12.5mg twice a day,"Apo-Levocarb,Apo-Levocarb CR,Dom-Levo-Carbidopa,Duodopa,Levocarb CR,PMS-Levocarb CR,PRO-Levocarb,Sinemet,Sinemet CR,Teva-Levocarbidopa",antiparkinsonism medicines,WHO Model List of Essential Medicines ,http://www.who.int/medicines/publications/essentialmedicines/EML_2015_FINAL_amended_NOV2015.pdf?ua=1,"Added on August, 2015"
levofloxacin,,"tendinitis, tendon rupture, nausea, diarrhea, constipation, headache, insomnia, dizziness",500mg; 500mg twice a day,"ACT Levofloxacin,APO-Levofloxacin,Levaquin,Levaquin in 5% Dextrose Injection,Mylan-Levofloxacin,PMS-Levofloxacin,Quinsair,Sandoz-Levofloxacin,Teva-Levofloxacin",anti-infective medicines,WHO Model List of Essential Medicines ,http://www.who.int/medicines/publications/essentialmedicines/EML_2015_FINAL_amended_NOV2015.pdf?ua=1,"Added on August, 2015"
levonorgestrel Ð releasing intrauterine system,"CI:uterine or liver malignancy, pregnancy, pelvic inflammatory disease (PID), cervicitis, undiagnosed abnormal uterine bleeding, immunodeficinecy, bacterial endocariditis, caution with migraines DI:primidone, barbiturates, phenytoin, carbamazepine, rifampicin and griseofulvin","increased risk of cardiovascular events including thrombosis, breast cancer, uterine bleeding iregularities",single device 52mg,"Jaydess,Mirena,Contingency One,Next Choice,NorLevo,Option 2,Plan B","hormones, other endocrine medicines, and contraceptives",WHO Model List of Essential Medicines,http://www.who.int/medicines/publications/essentialmedicines/EML_2015_FINAL_amended_NOV2015.pdf?ua=1,"Added on August, 2015"
levothyroxine,"CI: acute MI, adrenal insufficiency DI: aluminim hydroxide, calcium supplements, iron salts, magnesium salts, H2 blockers, PPIs(decreases efficacy)","palpitations, increased heart rate, tremors, anxiety, diarrhea",25mcg once daily,"Eltroxin,Levothyroxine Sodium,Levothyroxine Sodium for Injection,Synthroid","hormones, other endocrine medicines, and contraceptives",WHO Model List of Essential Medicines ,http://www.who.int/medicines/publications/essentialmedicines/EML_2015_FINAL_amended_NOV2015.pdf?ua=1,"Added on August, 2015"
lithium,,"fine hand tremor, polyuria, mild thirst, general discomfort, diarrhea, nausea and vomiting, drowsiness, muscular weakness, lack of coordination, ataxia, giddiness, tinnitus, blurred vision, large output of diluted urine",300mg; 900 - 1200mg twice or three times a day   ,"Apo-Lithium Carbonate,Carbolith,Lithane,Lithmax,PMS-Lithium Carbonate,PMS-Lithium Citrate",medicines for pain and palliative care,WHO Model List of Essential Medicines ,http://www.who.int/medicines/publications/essentialmedicines/EML_2015_FINAL_amended_NOV2015.pdf?ua=1,"Added on August, 2015"
loperamide,"CI: abdominal pain without diarrhea, bacterial enterocolitis, dysentry, antibiotic induced pseudomembraneous colitis DI: gemfibrozil, itraconazole, saquinavir","nausea, vomiting, dry mouth, abdominal cramps, anorexia, flatulence, constipation",2mg; 2-4mg twice a day,"Apo-Loperamide,Diarr-Eze,Dom-Loperamide,Imodium,Loperacap,Novo-Loperamide,PMS-Loperamine,Rhoxal-loperamide,Rho-Loperamine,Riva-Loperamide,Sandoz-Loperamide",medicines for pain and palliative care,WHO Model List of Essential Medicines ,http://www.who.int/medicines/publications/essentialmedicines/EML_2015_FINAL_amended_NOV2015.pdf?ua=1,"Added on August, 2015"
medroxyprogesterone,"CI: breast malignancy, hepatic disease, thromboembolism Warnings: increased risk of DVT, PE, MI","abnormal uterine bleeding, amenorrhea, breast tenderness, thromboembolic disorders, nausea",150mg intramuscularly or 104mg subcutaneuous every 3 months,"Alti-MPA,Apo-Medroxy,Depo-Prevera,Depo-Provera,Dom-Medroxyprogesterone,Gen-Medroxy,Medroxy,Medroxyprogesterone Acetate Injectable Suspension USP,Novo-Medrone,PMS-Medroxyprogesterone,Provera,Provera-Pak,Teva-Medroxyprogesterone","hormones, other endocrine medicines, and contraceptives",WHO Model List of Essential Medicines ,http://www.who.int/medicines/publications/essentialmedicines/EML_2015_FINAL_amended_NOV2015.pdf?ua=1,"Added on August, 2015"
metformin,"CI: CrCl <=30ml/min, acute decompensted HF, liver dys, 48hours post iodinated contrast DI: alcohol and cimetidine(increases effect) Caution if CrCL<=60ml/min",weight loss,250mg; 500mg-850mg twice a day,"ACT-Metformin,Apo-Metformin,Auro-Metformin,Dom-Metformin,ECL-Metformin,Glucophage,Glumetza,Glycon,JAMP-Metformin,JAMP-Metformin Blackberry,Mar-Metformin,Metformin FC,Mint-Metformin,Mylan-Metformin,PHL-Metformin,PMS-Metformin,PRO-Metformin,RAN-Metformin,ratio-Metformin,Riva-Metformin,Sandoz-Metformin FC,Septa-Metformin,Teva-Metformin","hormones, other endocrine medicines, and contraceptives",WHO Model List of Essential Medicines ,http://www.who.int/medicines/publications/essentialmedicines/EML_2015_FINAL_amended_NOV2015.pdf?ua=1,"Added on August, 2015"
methimazole,"CI: thionamide allergy DI: warfarin, digoxin, radioactive idodine","agranulocytosis, skin rash",10mg; 10-50mg once daily,"Dom-Methimazole,PHL-Methimazole,Tapazole","hormones, other endocrine medicines, and contraceptives",Canadian clinical practice guidelines ,http://www.who.int/medicines/publications/essentialmedicines/EML_2015_FINAL_amended_NOV2015.pdf?ua=1,"Added on August, 2015"
methotrexate,"CI:pregnancy, nursing, blood dyscrasias, liver dysfunction, alcoholism DI:NSAIDs, phenytoin, sulfonamides, antibiotics Must be familiar with use","bone marrow, liver, lung, kidney toxicities, diarrhea, ulcerative stomatitis, malignant lymphomas, tumor lysis syndrome, skin reactions, opportunistic infections, nausea, abdominal distress, malaise, undue fatigue, chills",2.5mg; 7.5mg one time every week,"Apo-Methotrexate,JAMP-Methotrexate,Methotrexate Injection USP,Methotrexate Injection, BP,Methotrexate Sodium Injection,Metoject,ratio-Methotrexate Sodium",medicines for diseases of joints,WHO Model List of Essential Medicines  ,http://www.who.int/medicines/publications/essentialmedicines/EML_2015_FINAL_amended_NOV2015.pdf?ua=1,"Added on August, 2015"
methylprednisolone,CI: ,"fluid and electrolyte disturbances, hypertension, osteoporosis, muscle weakness, cushingoid state, menstrual irregularities, impaired wound healing, convulsions, ulcerative esophagitis, excessive sweating, increased intracranial pressure, glaucoma, abdominal distention, headache, decreased carbohydrate tolerance",4mg;4 - 48 mg/day,"Depo-Medrol,Medrol,Methylprednisolone Acetate,Methylprednisolone Sodium Succinate For Injection,Methylprednisolone Sodium Succinate For Injection USP,Solu-Medrol",antineoplastic and immunosupressives,WHO Model List of Essential Medicines ,http://www.who.int/medicines/publications/essentialmedicines/EML_2015_FINAL_amended_NOV2015.pdf?ua=1,"Added on August, 2015"
metoclopramide,"CI:mechanical or paralytic intestinal obstruction DI: sedatives, hypnotics, narcotics, tranquilizers, MAOIs, drugs that may precipitate EPS May cause tardive dyskinesia","diarrhea, abdominal cramping",5mg; 5-20mg three times a day,"Apo-Metoclop,Metoclopramide Hydrochloride Injection,Metoclopramide Omega,Metonia,Nu-Metoclopramide,PMS-Metoclopramide",gastrointestinal medicines,WHO Model List of Essential Medicines ,http://www.who.int/medicines/publications/essentialmedicines/EML_2015_FINAL_amended_NOV2015.pdf?ua=1,"Added on August, 2015"
metronidazole,"CI:disulfiram use within the last 2 weeks, consumption of alcohol or products containing propylene glycol during and for at least 3 days after therapy, use during the 1st trimester of pregnancy in trichomoniasis patients DI:anticoagulants, phenytoin, busulfan, lithium GI upset (possible disulfiram-like reaction) with alcohol use","headache, syncope, dizziness, vertigo, incoordination, nausea, diarrhea, epigastric distress, abdominal cramping, constipation, unpleasant metallic taste, erythematous rash, pruritus, urticaria, dysuria",500mg; 500mg three times a day,"Flagyl,Metronidazole Injection USP,Novo-Nidazol,PMS-Metronidazole",anti-infective medicines,WHO Model List of Essential Medicines ,http://www.who.int/medicines/publications/essentialmedicines/EML_2015_FINAL_amended_NOV2015.pdf?ua=1,"Added on August, 2015"
mupirocin,"CI: hypersensitivity DI: BCG, typhoid vaccine, sodium picosulfate","localized burning, stinging sensation, pruritus, skin rash, nausea, rhinitis, respiratory congestion, pharyngitis, cough, headache",apply to affected area three times daily ,Bactroban,dermatological (topical),Commonly prescribed medication ,http://cleanmeds.ca/wp-content/uploads/2016/08/Mupirocin_CA.docx,"Added on March, 2016"
naltrexone,opioid analgesics; patients in acute opioid withdrawal; hypersensitivity; acute hepatitis or liver failure,"Difficulty sleeping, anxiety, nervousness, abdominal pain/cramps, nausea and/or vomiting, low energy, joint and muscle pain, headache, loss of appetite, constipation, increased thirst, increased energy, feeling down, irritability, dizziness, skin rash, delayed ejaculation, decreased potency, and chills",25mg; 50mg once daily,ReVia,medicines for mental and behavioural disorders,Suggestion from clinicians,http://cleanmeds.ca/wp-content/uploads/2016/08/Naltrexone_C.docx,"Added on August, 2015"
naproxen,"CI: GI bleeds, ulcers, allergy","gastrointestinal bleeding, renal insufficiency",250mg; 250-500mg twice a day,"Aleve,Anaprox,Anaprox DS,Apo-Napro-Na,Apo-Napro-Na DS,Apo-Naproxen,Apo-Naproxen EC,Apo-Naproxen SR,Ava-Naproxen EC,Maxidol,Mylan-Naproxen EC,Naprelan,Naprosyn,Naproxen EC,Naproxen Sodium DS,Naproxen-NA,Naproxen-NA DF,Pediapharm Naproxen Suspension,PMS-Naproxen,PMS-Naproxen EC,PRO-Naproxen EC,Teva-Naproxen,Teva-Naproxen EC,Teva-Naproxen Sodium,Teva-Naproxen Sodium DS,Teva-Naproxen SR",medicines for pain and palliative care,Suggestion from clinicians,http://cleanmeds.ca/wp-content/uploads/2016/08/Naproxen_C.docx,"Added on August, 2015"
nicotine replacement therapy,"CI: immediate post myocardial infarction, life-threatening arrhythmias, severe or worsening angina pectoris, recent cerebral vascular accident, pregnant women, nursing mothers, generalized skin disorders","headache, asthenia, dyspepsia, nausea, myalgia, insomnia, dizziness, cough, taste perversion","transdermal nicotine patch (7mg, 14mg or 21mg per 24 hours), chewing gum (2 mg or 4 mg)","Habitrol,Nicoderm,Nicorette,Nicorette Plus,Nicotrol",medicines for mental and behavioural disorders,Suggestion from clinicians,http://cleanmeds.ca/wp-content/uploads/2016/08/Nicotine Replacement Therapy_C.docx,"Added on August, 2015"
nitrofurantoin,CI:,"nausea, headache",50mg ,"Apo-Nitrofurantoin,Macrobid,Macrodantin,Novo-Furantoin,Teva-Nitrofurantoin",anti-infective medicines,WHO Model List of Essential Medicines ,http://www.who.int/medicines/publications/essentialmedicines/EML_2015_FINAL_amended_NOV2015.pdf?ua=1,"Added on August, 2015"
nitroglycerin,CI: hypersenstivity DI: phosphodiesterase (PDE) inhibitors,"headache, dizziness, nausea and flushing",sublingual 0.3mg as needed,"Minitran,Mylan-Nitro Sublingual Spray,Nitro-Dur,Nitroglycerin Injection, USP,Nitrol,Nitrostat,Rho-Nitro Pump Spray,Transderm-Nitro,Trinipatch",cardiovascular medicines,Suggestion from clinicians,http://cleanmeds.ca/wp-content/uploads/2016/08/Nitroglycerin Patch_C.docx,"Added on August, 2015"
nortriptyline,"CI: MAOI therapy, acute MI recovery phase, use with cisapride DI:sedatives, SSRIs, cimetidine, thyroid meds Increases suicidal ideation in children and adolescents Dose modify in elderly","myocardial infacrtion, stroke, seizure, paralytic ileus, urinary retention, constipation, blurred vision, hyperpyrexia, rash, bone marrow depression, testicular swelling, gynecomastia, alopecia, edema",25-50mg daily,"po-Nortriptyline,Ava-Nortriptyline,Aventyl,Dom-Nortriptyline,Norventyl,Nu-Nortriptyline,PMS-Nortriptyline,Teva-Nortriptyline",medicines for mental and behavioural disorders,Suggestion from clinicians,http://cleanmeds.ca/wp-content/uploads/2016/08/Nortriptyline_C.docx,"Added on August, 2015"
nystatin,,"oral irritation, diarrhea, nausea, vomiting, gastrointestinal upset",oral candidiasis: 4-6mL every 6 hours or 500 000 units every 8 hours vaginal candidiasis 1tab PV every 12 hours for 2wks,PMS-Nystatin,anti-infective medicines,WHO Model List of Essential Medicines ,http://www.who.int/medicines/publications/essentialmedicines/EML_2015_FINAL_amended_NOV2015.pdf?ua=1,"Added on August, 2015"
olopatadine,,"headache, nausea, cold symptoms, back pain, weakness, burning sensation of eyes, eyelid edema, eye pain, eye pruritus, foreign body sensation, pharyngitis, cough, rhinitis",instill 1 drop into each affected eye once daily,"ACT-Olopatadine,Apo-Olopatadine,CO Olopatadine,Pataday,Patanol,Sandoz-Olopatadine",eye preparations,Commonly prescribed medication ,http://cleanmeds.ca/wp-content/uploads/2016/08/Olopatadine_CA.docx,"Added on March, 2016"
pantoprazole,"DI:digoxin, warfarin, antivirals, ketaconazole May increase risk ofclostridium difficile-associated diarrhea","headache, diarrhea, nausea, pruritus",20mg; 20-40mg one time a day,"CT Pantoprazole,Apo-Pantoprazole,Dom-Pantoprazole,JAMP-Pantoprazole,Mar-Pantoprazole,Mint-Pantoprazole,Mylan-Pantoprazole,Panto I.V.,Pantoloc,Pantoprazole for Injection,Pantoprazole Magnesium,Pantoprazole Sodium for Injection,PMS-Pantoprazole,Priva-Pantoprazole,Ran-Pantoprazole,Riva-Pantoprazole,Sandoz-Pantoprazole,Tecta,Teva-Pantoprazole,Teva-Pantoprazole Magnesium",gastrointestinal medicines,Suggestion from clinicians,http://cleanmeds.ca/wp-content/uploads/2016/08/Pantoprazol_C.docx,"Added on August, 2015"
permethrin,"CI: less than 2mths, avoid eyes, vagina area","itching, redness, stinging/burning, numbness, discomfort, swelling of the scalp, may irritate respiratory system",5% (1/2 bottle) one time and repeat in 2 weeks,"Kwellada-P [OTC],Nix [OTC]",dermatological (topical),WHO Model List of Essential Medicines ,http://www.who.int/medicines/publications/essentialmedicines/EML_2015_FINAL_amended_NOV2015.pdf?ua=1,"Added on August, 2015"
phenytoin,"CI: delavirdine DI: azoles, alcohol, amiodarone, antacids, PIPs, H2 antagonists, sulfonamides, sedatives, theophylline, oral contraceptives","nausea, diarrhea, dizzy, ataxia, sedation, somnolence, tremor, liver injury, gingival hyperplasia, nystagmus",150mg; 300mg at nights increase by 50-100mg/day every 1 month until control,"Dilantin,Novo-Phenytoin,Taro-Phenytoin,Tremytoine Inj",anticonvulsive medicines,WHO Model List of Essential Medicines,http://www.who.int/medicines/publications/essentialmedicines/EML_2015_FINAL_amended_NOV2015.pdf?ua=1,"Added on August, 2015"
pilocarpine,CI: iritis Driving caution,"headache/browache, accommodative change, blurred vision, eye irritation, visual impairment, eye pain","1%, 1 drop every 6 hours",Salagen,eye preparations,WHO Model List of Essential Medicines ,http://www.who.int/medicines/publications/essentialmedicines/EML_2015_FINAL_amended_NOV2015.pdf?ua=1,"Added on August, 2015"
polyethylene glycol 3350,"known or suspected bowel obstruction, not taken within 2 hours of other medications","nausea, abdominal bloating, cramping, flatulence, diarrhea, excessive stool frequency",17g (1 packet) once per day,"Lax-A-Day,Peg 3350,Pegalax,Relaxa",gastrointestinal medicines,Suggestion from clinicians,http://cleanmeds.ca/wp-content/uploads/2016/08/Polyethylene Glycol 3350_C.docx,"Added on August, 2015"
polymyxin b,,"circumocular rash, burning sensation of eyes, eyelid edema, eye pruritus, eye redness (increased), lacrimation, stinging of eyes","Solution, ophthalmic: trimethoprim 1 mg and polymyxin B sulfate 10,000 units per 1 mL (10 mL). Instill 1 drop in affected eye(s) every 3 hours (maximum: 6 doses per day) for 7-10 days","PMS-Polytrimethoprim, Polytrim",,WHO Model List of Essential Medicines,http://www.who.int/medicines/publications/essentialmedicines/20th_EML2017.pdf?ua=1,Added July 2017
potassium,"CI: adrenal insufficiency, hyperkalemia, acute dehydration, renal failure, potassium sparing diuretics DI: ACE Inhibitors, ARBs, gulcocorticosteroids, heparin, cardiac glycosides, NSAIDs","nausea, vomiting, abdominal pain, diarrhea, arrhythmia",10% (20mEq /15mls); 15mls every 12 hours dissolved in 100-200mls water,,"hormones, other endocrine medicines, and contraceptives",WHO Model List of Essential Medicines ,http://www.who.int/medicines/publications/essentialmedicines/EML_2015_FINAL_amended_NOV2015.pdf?ua=1,"Added on August, 2015"
pravastatin,"CI: active liver disease, alcohol and pregnancy DI: digoxin, niacin, fibric acid derivatives","headache, rash, abdominal cramps, diarrhea, nausea, vomitting",40 mg daily,"ACT Pravastatin,Apo-Pravastatin,Dom-Pravastatin,JAMP-Pravastatin,Mint-Pravastatin,Mylan-Pravastatin,PMS-Pravastatin,Pravachol,RAN-Pravastatin,Riva-Pravastatin,Sandoz-Pravastatin,Teva-Pravastatin",cardiovascular medicines,Suggestion from clinicians,http://cleanmeds.ca/wp-content/uploads/2016/08/Pravastatin_C.docx,"Added on August, 2015"
prednisone,"DI: aspirin(GI effects), fluoroquinolone (tendon rupture), carbamazepine, phenytoin, vaccines (decreased efficacy)","cushing features, increased blood glucose, skin thinning, psychiatric effects, impaired wound healing, infection,  gastrointestinal bleeding, cataracts, osteoporosis/osteopenia, fluid and electrolyte imbalances, fat redistribution",5mg; 5-60mg one time a day,"Apo-Prednisone,JAA-Prednisone,Teva-Prednisone,Winpred",antineoplastic and immunosupressives,WHO Model List of Essential Medicines ,http://www.who.int/medicines/publications/essentialmedicines/EML_2015_FINAL_amended_NOV2015.pdf?ua=1,"Added on August, 2015"
propylthiouracil,"CI: liver disease DI: warfarin, digoxin, beta blockers","lupus like vasculitis, agranulocytosis, severe liver disease",100mg; 100-300mg one time a day,Propyl-Thyracil,"hormones, other endocrine medicines, and contraceptives",WHO Model List of Essential Medicines ,http://www.who.int/medicines/publications/essentialmedicines/EML_2015_FINAL_amended_NOV2015.pdf?ua=1,"Added on August, 2015"
ramipril,"CI: Angioedema, pregnancy, breast feeding, renal dysfunction DI: diuretic (potassium sparing), lithium","hypotension, dizziness, headache, chest pain, cough, rash, hyperkalemia, nausea , vomiting",2.5mg; 2.510 mg once daily,"ACT Ramipril,Altace,Apo-Ramipril,Auro-Ramipri,Dom-Ramipril,JAMP-Ramipril,Mar-Ramipril,Mint-Ramipril,Mylan-Ramipril,PMS-Ramipril,Pro-Ramipril,RAN-Ramipril,Sandoz-Ramipril,Teva-Ramipril,Van-Ramipril",cardiovascular medicines,Suggestion from clinicians,http://cleanmeds.ca/wp-content/uploads/2016/08/Ramipril_C.docx,"Added on August, 2015"
ranitidine,"DI: warfarin, procainamide, triazolam, midazolam, glipizide, antivirals, ketoconazole","headache, constipation, diarrhea, nausea, vomiting, abdominal discomfort/pain, rash ",150mg; 150-300mg every 12 hours,"Acid Reducer,ACT Ranitidine,Apo-Ranitidine,Dom-Ranitidine,Myl-Ranitidine,Mylan-Ranitidine,PHL-Ranitidine,PMS-Ranitidine,RAN-Ranitidine,Ranitidine Injection, USP,Riva-Ranitidine,Sandoz-Ranitidine,Teva-Ranitidine,Zantac,Zantac 75,Zantac Maximum Strength Non-Prescription",gastrointestinal medicines,WHO Model List of Essential Medicines ,http://www.who.int/medicines/publications/essentialmedicines/EML_2015_FINAL_amended_NOV2015.pdf?ua=1,"Added on August, 2015"
risperidone,"CI:epilepsy, thyrotoxicosis, Parkinsons disease, caution with renal or hepatic impairment, cardiovascular disease, pregnancy DI:fluoxetine, paroxetine, quinidine, carbamazepine, phenytoin, rifampin, phenobarbital Elderly patients at increased risk of death","increased appetite, fatigue, nausea, vomiting, constipation, parkinsonism, upper abdominal pain, anxiety, dizziness, tremor, sedation, akathisia, dystonia, blurred vision, stomach discomfort",3mg; 3mg every 12 hours,"ACT Risperidone,Apo-Risperidone,Ava-Risperidone,Dom-Risperidone,JAMP-Risperidone,Mar-Risperidone,Mint-Risperidone,Mylan-Risperidone,Mylan-Risperidone ODT,PHL-Risperidone,PMS-Risperidone,PMS-Risperidone ODT,PRO-Risperidone,RAN-Risperidone,ratio-Risperidone,Risperdal,Risperdal Consta,Risperdal M-Tab,Riva-Risperidone,Sandoz-Risperidone,Teva-Risperidone",medicines for mental and behavioural disorders,WHO Model List of Essential Medicines ,http://www.who.int/medicines/publications/essentialmedicines/EML_2015_FINAL_amended_NOV2015.pdf?ua=1,"Added on August, 2015"
rivaroxaban,"CI: active bleeding, increased risk of clinically significant bleeding, hepatic disease, pregnancy, breastfeeding, hypersensitivity, severe renal dysfunction (CrCl <30mL/min) DI: systemic treatment with strong inhibitors of both CYP 3A4 and P-glycoprotein (P-gp), such as ketoconazole, itraconazole, posaconazole, or ritonavir, Concomitant treatment with any other anticoagulant (heparin, oral anticoagulants)",bleeding and associated complications (weakness/paleness/dizziness/headache/dyspnea/unexplained shock),"deep vein thrombosis, pulmonary embolism treatment: 15 mg twice daily",Xarelto,medicines affecting the blood,Suggestion from clinicians,http://cleanmeds.ca/wp-content/uploads/2016/08/Rivaroxaban_C.docx,"Added on August, 2015"
salbutamol,,"tremor, anxiety, increased QT, tachycardia, headache, decreased potassium, increased insulin secretion",metered-dose inhaler: 100mcg/puff 1-2 puffs as needed; disk inhaler 100; 200mcg as needed; nebulizer:2.5; 5mg/neb as needed,"Airomir,Apo-Salvent,Apo-Salvent AEM,Apo-Salvent CFC Free,Apo-Salvent Sterules,Dom-Salbutamol,Novo-Salbutamol HFA,PHL-Salbutamol,PMS-Salbutamol,ratio-Ipra-Sal,ratio-Salbutamol,Salbutamol HFA,Sandoz-Salbutamol,Teva-Salbutamol Sterinebs P.F.,Ventolin Diskus,Ventolin HFA,Ventolin I.V. Infusion,Ventolin Nebules P.F.,Ventolin Respirator",medicines acting on the respiratory tract,WHO Model List of Essential Medicines ,http://www.who.int/medicines/publications/essentialmedicines/EML_2015_FINAL_amended_NOV2015.pdf?ua=1,"Added on August, 2015"
salicylic acid,"CI: children < 2 years DI:sulfonylureas, methotrexate, anti -coagulants, corticosteroids For Skin use only","excessive skin erythema, scaling",6%; one time a day,"Duofilm,Duoforte 27,Occlusal-HP,Sebcur,Soluver,Soluver Plus,Trans-Plantar,Trans-Ver-Sal",dermatological (topical),WHO Model List of Essential Medicines ,http://www.who.int/medicines/publications/essentialmedicines/EML_2015_FINAL_amended_NOV2015.pdf?ua=1,"Added on August, 2015"
salmeterol,"CI: respiratory infection, tachyarythmia DI: sympathomimetics, MOAs or TCAs, ritonavir, CYP3A4 inhibitors","upper respiratory tract infection, pharyngitis, hoarseness, dysphonia, bronchitis, cough, headache, nausea, vomiting, sinusitis, musculoskeletal pain, fever, dizziness",50ug (inhalation) twice daily,"Serevent Diskhaler Disk,Serevent Diskus",medicines acting on the respiratory tract,Suggestion from clinicians ,http://cleanmeds.ca/wp-content/uploads/2016/08/Salmeterol_C.docx,"Added on August, 2015"
senna,"CI: mechanical/paralytic intestinal obstruction, inflammatory bowel disease Stop if rectal bleeding occurs or if patient fails to have a bowel movement after therapy","abdominal pains and cramps, diarrhea, chronic use can lead to brown pigmenting of colon wall",2 tabs at nights for 1 week,,gastrointestinal medicines,WHO Model List of Essential Medicines ,http://www.who.int/medicines/publications/essentialmedicines/EML_2015_FINAL_amended_NOV2015.pdf?ua=1,"Added on August, 2015"
sertraline,"DI: MAOis, triptans, tricyclic antidepressants, fentanyl, lithium, tramadol, tryptophan, buspirone, and st. john's wort","nausea, anxiety, anorexia, decreased sexual desire, hyponatremia, serotonergi syndrome with monoamine oxidase inhibitors",25mg; 25-100mg one time a day,"ACT Sertraline,Apo-Sertraline,Auro-Sertraline,Dom-Sertraline,GD-Sertraline,JAMP-Sertraline,Mar-Sertraline,MINT-Sertraline,Mylan-Sertraline,PHL-Sertraline,PMS-Sertraline,Q-Sertraline,Ran-Sertraline,ratio-Sertraline,Riva-Sertraline,Sandoz-Sertraline,Teva-Sertraline,Zoloft",medicines for mental and behavioural disorders,Suggestion from clinicians,http://cleanmeds.ca/wp-content/uploads/2016/08/Sertraline_C.docx,"Added on August, 2015"
spironolactone,CI: renal and hepatic dysfunction,hyperkalemia,25mg; 25-200mg one time a day,"Aldactone,Teva-Spironolactone",diuretics,WHO Model List of Essential Medicines,http://www.who.int/medicines/publications/essentialmedicines/EML_2015_FINAL_amended_NOV2015.pdf?ua=1,"Added on August, 2015"
sulfamethoxazole/ trimethoprim,"CI: sulphur, trimethoprim allergy, pregnancy, infants less than 2 months, folic acid deficiency DI: phenytoin, TCAs, anticoagulants, ACE inhibitors","nausea, vomiting, anorexia, allergic skin reactions",5-10mg/kg/day in 2 divided doses,"Apo-Sulfatrim,Apo-Sulfatrim DS,Apo-Sulfatrim Pediatric,Protrin DF,Septra Injection,Teva-Trimel,Teva-Trimel DS,Trisulfa,Trisulfa DS,Trisulfa S",anti-infective medicines,WHO Model List of Essential Medicines ,http://www.who.int/medicines/publications/essentialmedicines/EML_2015_FINAL_amended_NOV2015.pdf?ua=1,"Added on August, 2015"
sulfasalazine,"CI: intestinal or urinary obstruction, porphyria Caution with liver and kidney dysfunction, blood dyscrasias, asthma DI:folic acid, digoxin Must be familiar with use","anorexia, headache, nausea, vomiting, gastric distress, reversible oligospermia",500mg; 2g/day in divided doses,"Apo-Sulfasalazine,PMS-Sulfasalazine,Salazopyrin,Salazopyrin En-Tabs",gastrointestinal medicines,WHO Model List of Essential Medicines ,http://www.who.int/medicines/publications/essentialmedicines/EML_2015_FINAL_amended_NOV2015.pdf?ua=1,"Added on August, 2015"
tadalafil,"CI:, concurrent use of organic nitrate, previous episode of nonarteritic anterior ischemic optic neuropathy DI: amyl nitrate, organic nitrates, itraconazole, ketoconazole","flushing, headache, nausea, hypertension, nasal congestion, respiratory tract infection, nasopharyngitis",2.5 mg once daily,,,Suggestion from clinicians,http://cleanmeds.ca/wp-content/uploads/2016/08/Tadalafil_C.docx,"Added on August, 2016"
tamsulosin,"DI: avoid other _-adrenergic blockers, ketoconazole, erythromycin, paroxetine, terbinafine, caution with cimetidine, warfarin, PDE-5 inhibitors Screen for prostate cancer prior to use","dizziness, asthenia, postural hypotension",0.4mg; 0.4-0.8mg one time a day,"po-Tamsulosin CR,Flomax CR,Mylan-Tamsulosin,ratio-Tamsulosin,Sandoz-Tamsulosin,Tamsulosin CR,Teva-Tamsulosin,Teva-Tamsulosin CR",medicines that do not fall under a WHO class,Canadian clinical practice guidelines ,http://cleanmeds.ca/wp-content/uploads/2016/08/Tamsulosin_C.docx,"Added on August, 2015"
tenofovir disoproxil fumarate,"CI: hypersensitivity to tenofovir DI:Adeforvir, Didanosine, NSAIDs","insomnia, headache, dizziness, depression, pruritis, skin rash, nausea, vomiting, diarrhea, abdominal pain, decreased bone mineral density, fat redistribution, immune reconstitution syndrome, lactic acidosis, hepatomegaly, renal toxicity, pancreatitis",Adult: 300 mg once daily (in combination with other antiretrovirals),Viread,anti-infective medicines,WHO Model List of Essential Medicines ,http://www.who.int/medicines/publications/essentialmedicines/EML_2015_FINAL_amended_NOV2015.pdf?ua=1,"Added on August, 2015"
thiamine,CI: hypersensitivity to thiamine or any component of the formulation DI: there are no known significant interactions,"nausea, tightness of throat, weakness, pulmonary edema, restlessness, cyanosis, angioneurotic edema, pruritus, urticaria, diaphoresis, warmth","alcohol withdrawal syndrome: 100 mg/day intramuscular (IM) or intravenous (IV); Wernicke's encephalopathy: 100 mg IV, then 50-100 mg/day IM or IV until consuming a regular diet;Thiamine deficiency (beriberi): 5-30 mg/dose IM or IV 3 times/day",,,WHO Model List of Essential Medicines ,http://www.who.int/medicines/publications/essentialmedicines/EML_2015_FINAL_amended_NOV2015.pdf?ua=1,"Added on August, 2016"
tiotropium,"CI:not for emergency use, milk and taropine derivative allergy DI:anticholinergic-containing drugs Ask for hypersensitivity to milk proteins or atropine derivatives (ipratropium)","dry mouth, taste changes, abdominal pain, urinary tract infection, upper respiratory tract infection, chest pain, edema, vomiting, myalgia, moniliasis, rash, dyspepsia, pharyngitis, rhinitis",18mcg for inhalation; 1 cap inhaled one time a day,"Spiriva,Spiriva Respimat",medicines acting on the respiratory tract,Canadian clinical practice guidelines ,http://www.who.int/medicines/publications/essentialmedicines/EML_2015_FINAL_amended_NOV2015.pdf?ua=1,"Added on August, 2015"
tranexamic acid,"CI: acquired defective color vision; history or risk of thrombosis, active thromboembolic disease, subarachnoid hemorrhage, hematuria DI:contraceptives (estrogens),contraceptives (progestins)","hypotension, giddiness, allergic dermatitis, unusal menstrual discomfort, diarrhea, nausea, vomiting, headache, abdominal pain, back pain","1,300 mg 3 times daily (3,900 mg daily) for up to 5 days during monthly menstruation",,,Suggestion from clinicians,http://cleanmeds.ca/wp-content/uploads/2016/08/Tranexamic acid_C.docx,"Added on August, 2016"
tretinoin,"CI: hypersensitivity DI: topical OTC preparations, topical medications, medicated or abrasive soaps and cleansers, products with strong drying effect, products with high concentrations of alcohol, astringents, spices, or lime","dry skin, peeling/scaling/flaking skin, skin burning sensation, erythema",apply once daily to affected skin areas; use thin layer to cover the entire affected area,"Retin-A,Retin-A Micro,Stieva-A,Vitamin A Acid",antineoplastic and immunosupressives,Commonly prescribed medication ,http://cleanmeds.ca/wp-content/uploads/2016/08/Tretinoin_CA.docx,"Added on March, 2016"
trimethoprim,"CI:hypersensitivity, pregnancy, breast feeding, children under 12yrs, impaired kidney or liver function, megaloblastic anemia DI:Phenytoin Best in combination with sulfamethoxazole","anemia, thrombocytopenia, neutropenia, nausea, vomiting, abdominal discomfort",100mg; 100mg every 12 hours,,anti-infective medicines,WHO Model List of Essential Medicines ,http://www.who.int/medicines/publications/essentialmedicines/EML_2015_FINAL_amended_NOV2015.pdf?ua=1,"Added on August, 2015"
urea,,"transient stinging, burning, itching, irritation to skin",5% one time a day,,dermatological (topical),WHO Model List of Essential Medicines ,http://www.who.int/medicines/publications/essentialmedicines/EML_2015_FINAL_amended_NOV2015.pdf?ua=1,"Added on August, 2015"
vaginal ring eluting etonogestrel and ethinyl estradiol,"CI: hypersensitivity; breast cancer or other estrogen- or progestin-dependent neoplasms; women at high risk of arterial or venous thrombotic diseases; migraine with aura, uncontrolled hypertension, women >35 years of age who smoke, inherited/acquired coagulopathies DI: anticonvulsants, antibiotics, BZDs, barbiturates, antihistamines, analgesics","headache, vaginitis, leukorrhea, acne, breast tenderness, nausea","one ring, inserted vaginally and left in place for 3 consecutive weeks, then removed for 1 week. new ring inserted 7 days after the last was removed.",NuvaRing,"hormones, other endocrine medicines, and contraceptives",Commonly prescribed medication ,http://cleanmeds.ca/wp-content/uploads/2016/08/Vaginal-ring-eluting-etonogestrel-and-ethinyl-estradiol_CA.docx,"Added on March, 2016"
valacyclovir,CI:hypersensitivity to drug,"headache, nausea, vomiting, diarrhea, malaise","shingles:1000 mg three times daily for 7 days, genital herpes: 1000 mg orally twice daily for 10 days; chronic 1000 mg once daily cold sores: 2000 mg twice daily","Apo-Valacyclovir,Auro-Valacyclovir,CO Valacyclovir,DOM-Valacyclovir,JAMP-Valacyclovir,Mar-Valacyclovir,Mylan-Valacyclovir,PHL-Valacyclovir,PMS-Valacyclovir,Priva-Valacyclovir,PRO-Valacyclovir,Riva-Valacyclovir,Sandoz-Valacyclovir,Teva-Valacyclovir,Valtrex",anti-infective medicines,Suggestion from clinicians,http://cleanmeds.ca/wp-content/uploads/2016/08/Valacyclovir_C.docx,"Added on August, 2015"
valproic acid,"CI: hepatic dysfunction, urea cycle dysfunction, mitochondrial disorders, children <2yrs DI: phenytoin, carbamazepine, phenobarbital, primidone, carbapenem antibiotics, rifampin","hepatotoxicity, pancreatitis, nausea, vomiting, somnolence, dizziness, abdominal pain, dyspepsia, rash, diarrhea, tremor, weight gain, back pain, alopecia, headache",250mg; 500mg every 8-12 hours; oral liquid: 200mg/5mL,"Apo-Divalproex,Apo-Valproic,Depakene,Dom-Divalproex,Dom-Valproic Acid,Dom-Valproic Acid E.C.,Epival,Mylan-Divalproex,Mylan-Valproic,Novo-Valproic,PHL-Divalproex,PHL-Valproic Acid,PHL-Valproic Acid E.C.,PMS-Divalproex,PMS-Valproic Acid,PMS-Valproic Acid E.C.,ratio-Valproic,Sandoz-Valproic,Teva Divalproex",anticonvulsive medicines,WHO Model List of Essential Medicines ,http://www.who.int/medicines/publications/essentialmedicines/EML_2015_FINAL_amended_NOV2015.pdf?ua=1,"Added on August, 2015"
varenicline,"CI: hypersensitivity, pregnancy, nursing mothers  DI: alcohol","nausea, vomiting, upset stomach, flatulence, constipation, headache, insomnia, somnolence, mild or serious psychiatric symptoms, abnormal dreams, fatigue, upper respiratory tract disorder, dry mouth, sleep disorder, increased appetite",Days 1-3: 0.5mg once daily Days 4-7: 0.5mg twice daily Days 8 - end of treatment: 1mg twice daily Treat for 12 weeks,Champix,medicines for mental and behavioural disorders,Commonly prescribed medication ,http://cleanmeds.ca/wp-content/uploads/2016/08/Varenicline_CA.docx,"Added on March, 2016"
vitamin B12,"CI: hypersensitivity to cobalamins DI: chloramphenicol, colchicine, aminoglycosides, phenytoin, alcohol, neomycin, antacids, H2 antagonists, proton pump inhibitors","diarrhea, itch, urticaria, peripheral vascular thrombosis, heart failure exacerbation, pulmonary edema, feeling of swelling all over the body",Oral: 250g daily,,vitamins and minerals,Suggestion from clinicians,http://cleanmeds.ca/wp-content/uploads/2016/08/Vitamin B12_CA.docx,"March, 2016"
vitamin D,"CI:kidney disease, heart disease DI:colestyramine, steroids, digoxin, diuretics",,400units; 600 - 4000units one time a day ,"D-Vi-Sol,D-Forte,Erdol",vitamins and minerals,Suggestion from clinicians,http://cleanmeds.ca/wp-content/uploads/2016/08/Vitamin D_C.docx,"Added on August, 2015"
warfarin,"CI: pregnancy, active bleeding, hemorrhagic disorders, previous warfarin induced skin necrosis, recent surgery, noncompliant patients DI: alcohol, allopurinol, amiodarone, cimetidine, fibrates, NSAIDs/Coxibs, phenobarbital, st. johns wort","bleeding, bruising, nausea, diarrhea, abdominal cramping, fever",2mg; 2-10mg one time a day,"Apo-Warfarin,Coumadin,Mylan-Warfarin,Novo-Warfarin,Taro-Warfarin",medicines affecting the blood,WHO Model List of Essential Medicines ,http://www.who.int/medicines/publications/essentialmedicines/EML_2015_FINAL_amended_NOV2015.pdf?ua=1,"Added on August, 2015"